﻿Designator,Footprint,Quantity,Value,LCSC Part #
"C20, C21",0603,2,100nF,C92490
"D10, D11, D12, D13, D4, D5, D6, D7, D8, D9",D_MiniMELF,10,BAV103,C3313132
D14,D_SMA,1,100V,C3014322
"J10, J11",PinHeader_2x06_P2.54mm_Vertical_SMD,2,Conn_02x06_Odd_Even,C3294464
"Q10, Q11, Q12, Q13, Q14, Q15, Q6, Q7, Q8, Q9",TSOT-23,10,BF820,C426796
"Q16, Q18, Q20, Q22, Q24, Q4",SOT-23,6,PMBTA42,C417384
"Q17, Q19, Q21, Q23, Q25, Q5",SOT-23,6,PMBTA92,C282560
R1,0603,1,1k,C22548
"R21, R24, R27, R30, R31, R34, R35, R38, R39, R42, R43, R46",0603,12,4.7k,C99782
"R22, R28, R32, R36, R40, R44",0603,6,300k,C114667
"R23, R25, R26, R29, R33, R37, R41, R45",0603,8,10k,C98220
RN1,RES-ARRAY-SMD_0402-16P-L4.0-W1.6-BL-2,1,R_Pack08_Split,C326649
"U7, U8",TSSOP-16_4.4x5mm_P0.65mm,2,74HC237,C2674656
