﻿Designator,Footprint,Quantity,Value,LCSC Part #
BT1,BAT-TH_CR2032-BS-6-1,1,Battery_Cell,
"C1, C2, C6, C8",0603,4,10uF,C96446
"C10, C11, C9",0603,3,22uF,C109448
"C12, C13, C14, C16, C19, C3, C4, C5, C7",0603,9,100nF,C92490
C15,CP_EIA-7343-15_Kemet-W_HandSolder,1,100uF,C122302
C17,C_Elec_8x10.2,1,4.7uF,C88702
C18,1210,1,100nF,C52020
"D16, D17, D2, D4",0603,4,LED,
D3,D_SMB_Handsoldering,1,D_Small,C145321
J1,CUI_PJ-002BH,1,PJ-002BH,C22359705
"J10, J11",PinHeader_2x06_P2.54mm_Vertical_SMD,2,Conn_02x06_Odd_Even,
J2,USB_C_Receptacle_HCTL_HC-TYPE-C-16P-01A,1,USB_C_Receptacle_USB2.0, C2894897
J3,IDC-Header_2x05_P2.54mm_Vertical,1,JTAG,
L1,L_APV_APH0615,1,22uH,C842909
L2,L_APV_APH0840,1,100uH / 2.5 A,C2962892
"Q1, Q2",SOT-23,2,MMBT2222A,
Q3,TO-263-2,1,Q_NMOS,C39238
"R1, R12, R13, R17, R2, R3, R7",0603,7,10k,C98220
"R10, R11, R21, R9",0603,4,1k,C22548
"R14, R15",0603,2,4.7k,
R18,0805,1,1.5M,C118025
R19,1206,1,50m,C149662
R20,0805,1,10k,C269724
"R4, R5",0402,2,5.1k,C407575 
R6,0603,1,33.2k,C706161
RV1,Potentiometer_Bourns_3314G_Vertical,1,5k,C719180
"SW1, SW2, SW3",SW_SKRPACE010,3,SW_MEC_5E,C139797 
U1,QFN-24-1EP_4x4mm_P0.5mm_EP2.6x2.6mm,1,CP2102N-Axx-xQFN24,C969151
U2,SOT-23-6,1,TPS563200,
U3,SOT-666,1,USBLC6-2P6,C2827693
U4,SOIC-16W_7.5x10.3mm_P1.27mm,1,DS3231M,
U5,ESP32-WROOM-32,1,ESP32-WROOM-32,
U6,SO-8_3.9x4.9mm_P1.27mm,1,MAX1771xSA,
